IDF,TF*IDF,DF,TF,Word
0.5,0.5,1.0,1.0,oper
0.5,0.5,1.0,1.0,repair
0.5,1.5,1.0,3.0,node
0.5,0.5,1.0,1.0,execut
0.3333333333333333,0.6666666666666666,2.0,2.0,read
0.3333333333333333,1.3333333333333333,2.0,4.0,request
0.5,0.5,1.0,1.0,send
0.5,0.5,1.0,1.0,custom
0.5,0.5,1.0,1.0,write
0.5,0.5,1.0,1.0,degre
0.5,0.5,1.0,1.0,pressur
0.5,1.0,1.0,2.0,user
0.5,0.5,1.0,1.0,timeout
0.5,0.5,1.0,1.0,sens
0.5,0.5,1.0,1.0,wait
0.5,1.0,1.0,2.0,subject
