IDF,TF*IDF,DF,TF,Word
0.5,0.5,1.0,1.0,function
0.3333333333333333,1.3333333333333333,2.0,4.0,node
0.5,0.5,1.0,1.0,code
0.5,0.5,1.0,1.0,user
0.5,0.5,1.0,1.0,server
0.5,0.5,1.0,1.0,start
0.3333333333333333,1.0,2.0,3.0,connect
0.5,0.5,1.0,1.0,address
0.5,0.5,1.0,1.0,servic
0.5,0.5,1.0,1.0,improve
